profile	declared_version	stable_version	requested_asset	source_asset	density	raw_png	logical	alpha_bbox_top_left_exclusive	transparent_margins_L_T_R_B_raw	SD_HD_logical_parity	resolver_provider	resolved_asset	resolved_raw	resolved_logical	resolved_alpha_bbox_top_left_exclusive	resolved_transparent_margins_raw
WhiteCat	2.5	2.5	selection-mode	selection-mode.png	1	1143x930	1143x930	(0, 85, 1143, 930)	(0, 85, 0, 0)	yes	current	selection-mode@2x.png	2286x1860	1143x930	(0, 170, 2286, 1860)	(0, 170, 0, 0)
WhiteCat	2.5	2.5	selection-mode	selection-mode@2x.png	2	2286x1860	1143x930	(0, 170, 2286, 1860)	(0, 170, 0, 0)	yes	current	selection-mode@2x.png	2286x1860	1143x930	(0, 170, 2286, 1860)	(0, 170, 0, 0)
WhiteCat	2.5	2.5	selection-mode-over	selection-mode-over.png	1	82x110	82x110	(47, 15, 82, 65)	(47, 15, 0, 45)	yes	current	selection-mode-over@2x.png	164x220	82x110	(94, 30, 164, 130)	(94, 30, 0, 90)
WhiteCat	2.5	2.5	selection-mode-over	selection-mode-over@2x.png	2	164x220	82x110	(94, 30, 164, 130)	(94, 30, 0, 90)	yes	current	selection-mode-over@2x.png	164x220	82x110	(94, 30, 164, 130)	(94, 30, 0, 90)
WhiteCat	2.5	2.5	selection-mods	selection-mods.png	1	1x1	1x1	empty	fully transparent	unpaired	current	selection-mods.png	1x1	1x1	empty	fully transparent
WhiteCat	2.5	2.5	selection-mods	missing	2	-	-	-	-	unpaired	current	selection-mods.png	1x1	1x1	empty	fully transparent
WhiteCat	2.5	2.5	selection-mods-over	selection-mods-over.png	1	61x90	61x90	(9, 0, 61, 40)	(9, 0, 0, 50)	yes	current	selection-mods-over@2x.png	122x180	61x90	(18, 0, 122, 80)	(18, 0, 0, 100)
WhiteCat	2.5	2.5	selection-mods-over	selection-mods-over@2x.png	2	122x180	61x90	(18, 0, 122, 80)	(18, 0, 0, 100)	yes	current	selection-mods-over@2x.png	122x180	61x90	(18, 0, 122, 80)	(18, 0, 0, 100)
WhiteCat	2.5	2.5	selection-random	selection-random.png	1	1x1	1x1	empty	fully transparent	unpaired	current	selection-random.png	1x1	1x1	empty	fully transparent
WhiteCat	2.5	2.5	selection-random	missing	2	-	-	-	-	unpaired	current	selection-random.png	1x1	1x1	empty	fully transparent
WhiteCat	2.5	2.5	selection-random-over	selection-random-over.png	1	66x90	66x90	(13, 0, 66, 40)	(13, 0, 0, 50)	yes	current	selection-random-over@2x.png	132x180	66x90	(27, 0, 131, 80)	(27, 0, 1, 100)
WhiteCat	2.5	2.5	selection-random-over	selection-random-over@2x.png	2	132x180	66x90	(27, 0, 131, 80)	(27, 0, 1, 100)	yes	current	selection-random-over@2x.png	132x180	66x90	(27, 0, 131, 80)	(27, 0, 1, 100)
WhiteCat	2.5	2.5	selection-options	selection-options.png	1	1x1	1x1	empty	fully transparent	unpaired	current	selection-options.png	1x1	1x1	empty	fully transparent
WhiteCat	2.5	2.5	selection-options	missing	2	-	-	-	-	unpaired	current	selection-options.png	1x1	1x1	empty	fully transparent
WhiteCat	2.5	2.5	selection-options-over	selection-options-over.png	1	67x90	67x90	(15, 0, 67, 40)	(15, 0, 0, 50)	yes	current	selection-options-over@2x.png	134x180	67x90	(30, 0, 134, 80)	(30, 0, 0, 100)
WhiteCat	2.5	2.5	selection-options-over	selection-options-over@2x.png	2	134x180	67x90	(30, 0, 134, 80)	(30, 0, 0, 100)	yes	current	selection-options-over@2x.png	134x180	67x90	(30, 0, 134, 80)	(30, 0, 0, 100)
WhiteCat	2.5	2.5	menu-back	menu-back-0.png	1	272x91	272x91	(0, 0, 272, 91)	(0, 0, 0, 0)	yes	current	menu-back-0@2x.png	544x182	272x91	(0, 0, 544, 182)	(0, 0, 0, 0)
WhiteCat	2.5	2.5	menu-back	menu-back-0@2x.png	2	544x182	272x91	(0, 0, 544, 182)	(0, 0, 0, 0)	yes	current	menu-back-0@2x.png	544x182	272x91	(0, 0, 544, 182)	(0, 0, 0, 0)
WhiteCat	2.5	2.5	songselect-top	missing	1	-	-	-	-	unpaired	bundled	songselect-top@2x.png	2732x298	1366x149	(0, 0, 2732, 298)	(0, 0, 0, 0)
WhiteCat	2.5	2.5	songselect-top	missing	2	-	-	-	-	unpaired	bundled	songselect-top@2x.png	2732x298	1366x149	(0, 0, 2732, 298)	(0, 0, 0, 0)
WhiteCat	2.5	2.5	songselect-bottom	missing	1	-	-	-	-	unpaired	bundled	songselect-bottom@2x.png	2732x180	1366x90	(0, 0, 2732, 180)	(0, 0, 0, 0)
WhiteCat	2.5	2.5	songselect-bottom	missing	2	-	-	-	-	unpaired	bundled	songselect-bottom@2x.png	2732x180	1366x90	(0, 0, 2732, 180)	(0, 0, 0, 0)
Seoul	latest	2.7	selection-mode	selection-mode.png	1	1150x540	1150x540	(0, 253, 1150, 540)	(0, 253, 0, 0)	yes	current	selection-mode@2x.png	2300x1080	1150x540	(0, 712, 2300, 1080)	(0, 712, 0, 0)
Seoul	latest	2.7	selection-mode	selection-mode@2x.png	2	2300x1080	1150x540	(0, 712, 2300, 1080)	(0, 712, 0, 0)	yes	current	selection-mode@2x.png	2300x1080	1150x540	(0, 712, 2300, 1080)	(0, 712, 0, 0)
Seoul	latest	2.7	selection-mode-over	selection-mode-over.png	1	93x90	93x90	(0, 3, 93, 90)	(0, 3, 0, 0)	yes	current	selection-mode-over@2x.png	186x180	93x90	(0, 7, 186, 180)	(0, 7, 0, 0)
Seoul	latest	2.7	selection-mode-over	selection-mode-over@2x.png	2	186x180	93x90	(0, 7, 186, 180)	(0, 7, 0, 0)	yes	current	selection-mode-over@2x.png	186x180	93x90	(0, 7, 186, 180)	(0, 7, 0, 0)
Seoul	latest	2.7	selection-mods	selection-mods.png	1	78x90	78x90	(0, 3, 78, 90)	(0, 3, 0, 0)	yes	current	selection-mods@2x.png	156x180	78x90	(0, 7, 156, 180)	(0, 7, 0, 0)
Seoul	latest	2.7	selection-mods	selection-mods@2x.png	2	156x180	78x90	(0, 7, 156, 180)	(0, 7, 0, 0)	yes	current	selection-mods@2x.png	156x180	78x90	(0, 7, 156, 180)	(0, 7, 0, 0)
Seoul	latest	2.7	selection-mods-over	selection-mods-over.png	1	78x90	78x90	(0, 0, 78, 90)	(0, 0, 0, 0)	yes	current	selection-mods-over@2x.png	156x180	78x90	(0, 0, 156, 180)	(0, 0, 0, 0)
Seoul	latest	2.7	selection-mods-over	selection-mods-over@2x.png	2	156x180	78x90	(0, 0, 156, 180)	(0, 0, 0, 0)	yes	current	selection-mods-over@2x.png	156x180	78x90	(0, 0, 156, 180)	(0, 0, 0, 0)
Seoul	latest	2.7	selection-random	selection-random.png	1	78x90	78x90	(0, 3, 78, 90)	(0, 3, 0, 0)	yes	current	selection-random@2x.png	156x180	78x90	(0, 7, 156, 180)	(0, 7, 0, 0)
Seoul	latest	2.7	selection-random	selection-random@2x.png	2	156x180	78x90	(0, 7, 156, 180)	(0, 7, 0, 0)	yes	current	selection-random@2x.png	156x180	78x90	(0, 7, 156, 180)	(0, 7, 0, 0)
Seoul	latest	2.7	selection-random-over	selection-random-over.png	1	78x90	78x90	(0, 0, 78, 90)	(0, 0, 0, 0)	yes	current	selection-random-over@2x.png	156x180	78x90	(0, 0, 156, 180)	(0, 0, 0, 0)
Seoul	latest	2.7	selection-random-over	selection-random-over@2x.png	2	156x180	78x90	(0, 0, 156, 180)	(0, 0, 0, 0)	yes	current	selection-random-over@2x.png	156x180	78x90	(0, 0, 156, 180)	(0, 0, 0, 0)
Seoul	latest	2.7	selection-options	selection-options.png	1	78x90	78x90	(0, 3, 78, 90)	(0, 3, 0, 0)	yes	current	selection-options@2x.png	156x180	78x90	(0, 7, 156, 180)	(0, 7, 0, 0)
Seoul	latest	2.7	selection-options	selection-options@2x.png	2	156x180	78x90	(0, 7, 156, 180)	(0, 7, 0, 0)	yes	current	selection-options@2x.png	156x180	78x90	(0, 7, 156, 180)	(0, 7, 0, 0)
Seoul	latest	2.7	selection-options-over	selection-options-over.png	1	78x90	78x90	(0, 0, 78, 90)	(0, 0, 0, 0)	yes	current	selection-options-over@2x.png	156x180	78x90	(0, 0, 156, 180)	(0, 0, 0, 0)
Seoul	latest	2.7	selection-options-over	selection-options-over@2x.png	2	156x180	78x90	(0, 0, 156, 180)	(0, 0, 0, 0)	yes	current	selection-options-over@2x.png	156x180	78x90	(0, 0, 156, 180)	(0, 0, 0, 0)
Seoul	latest	2.7	menu-back	menu-back.png	1	262x148	262x148	(0, 1, 260, 148)	(0, 1, 2, 0)	yes	current	menu-back@2x.png	524x296	262x148	(0, 3, 518, 296)	(0, 3, 6, 0)
Seoul	latest	2.7	menu-back	menu-back@2x.png	2	524x296	262x148	(0, 3, 518, 296)	(0, 3, 6, 0)	yes	current	menu-back@2x.png	524x296	262x148	(0, 3, 518, 296)	(0, 3, 6, 0)
Seoul	latest	2.7	songselect-top	missing	1	-	-	-	-	unpaired	bundled	songselect-top@2x.png	2732x298	1366x149	(0, 0, 2732, 298)	(0, 0, 0, 0)
Seoul	latest	2.7	songselect-top	missing	2	-	-	-	-	unpaired	bundled	songselect-top@2x.png	2732x298	1366x149	(0, 0, 2732, 298)	(0, 0, 0, 0)
Seoul	latest	2.7	songselect-bottom	missing	1	-	-	-	-	unpaired	bundled	songselect-bottom@2x.png	2732x180	1366x90	(0, 0, 2732, 180)	(0, 0, 0, 0)
Seoul	latest	2.7	songselect-bottom	missing	2	-	-	-	-	unpaired	bundled	songselect-bottom@2x.png	2732x180	1366x90	(0, 0, 2732, 180)	(0, 0, 0, 0)
Greylooks	1.0	1.0	selection-mode	selection-mode.png	1	92x85	92x85	(0, 8, 92, 85)	(0, 8, 0, 0)	yes	current	selection-mode@2x.png	184x170	92x85	(0, 16, 184, 170)	(0, 16, 0, 0)
Greylooks	1.0	1.0	selection-mode	selection-mode@2x.png	2	184x170	92x85	(0, 16, 184, 170)	(0, 16, 0, 0)	yes	current	selection-mode@2x.png	184x170	92x85	(0, 16, 184, 170)	(0, 16, 0, 0)
Greylooks	1.0	1.0	selection-mode-over	selection-mode-over.png	1	92x85	92x85	(0, 8, 92, 85)	(0, 8, 0, 0)	yes	current	selection-mode-over@2x.png	184x170	92x85	(0, 16, 184, 170)	(0, 16, 0, 0)
Greylooks	1.0	1.0	selection-mode-over	selection-mode-over@2x.png	2	184x170	92x85	(0, 16, 184, 170)	(0, 16, 0, 0)	yes	current	selection-mode-over@2x.png	184x170	92x85	(0, 16, 184, 170)	(0, 16, 0, 0)
Greylooks	1.0	1.0	selection-mods	selection-mods.png	1	77x86	77x86	(0, 8, 77, 85)	(0, 8, 0, 1)	yes	current	selection-mods@2x.png	154x172	77x86	(0, 16, 154, 170)	(0, 16, 0, 2)
Greylooks	1.0	1.0	selection-mods	selection-mods@2x.png	2	154x172	77x86	(0, 16, 154, 170)	(0, 16, 0, 2)	yes	current	selection-mods@2x.png	154x172	77x86	(0, 16, 154, 170)	(0, 16, 0, 2)
Greylooks	1.0	1.0	selection-mods-over	selection-mods-over.png	1	77x86	77x86	(0, 8, 77, 85)	(0, 8, 0, 1)	yes	current	selection-mods-over@2x.png	154x172	77x86	(0, 16, 154, 170)	(0, 16, 0, 2)
Greylooks	1.0	1.0	selection-mods-over	selection-mods-over@2x.png	2	154x172	77x86	(0, 16, 154, 170)	(0, 16, 0, 2)	yes	current	selection-mods-over@2x.png	154x172	77x86	(0, 16, 154, 170)	(0, 16, 0, 2)
Greylooks	1.0	1.0	selection-random	selection-random.png	1	77x86	77x86	(0, 8, 77, 85)	(0, 8, 0, 1)	yes	current	selection-random@2x.png	154x172	77x86	(0, 16, 154, 170)	(0, 16, 0, 2)
Greylooks	1.0	1.0	selection-random	selection-random@2x.png	2	154x172	77x86	(0, 16, 154, 170)	(0, 16, 0, 2)	yes	current	selection-random@2x.png	154x172	77x86	(0, 16, 154, 170)	(0, 16, 0, 2)
Greylooks	1.0	1.0	selection-random-over	selection-random-over.png	1	77x86	77x86	(0, 8, 77, 85)	(0, 8, 0, 1)	yes	current	selection-random-over@2x.png	154x172	77x86	(0, 16, 154, 170)	(0, 16, 0, 2)
Greylooks	1.0	1.0	selection-random-over	selection-random-over@2x.png	2	154x172	77x86	(0, 16, 154, 170)	(0, 16, 0, 2)	yes	current	selection-random-over@2x.png	154x172	77x86	(0, 16, 154, 170)	(0, 16, 0, 2)
Greylooks	1.0	1.0	selection-options	selection-options.png	1	77x86	77x86	(0, 8, 77, 85)	(0, 8, 0, 1)	yes	current	selection-options@2x.png	154x172	77x86	(0, 16, 154, 170)	(0, 16, 0, 2)
Greylooks	1.0	1.0	selection-options	selection-options@2x.png	2	154x172	77x86	(0, 16, 154, 170)	(0, 16, 0, 2)	yes	current	selection-options@2x.png	154x172	77x86	(0, 16, 154, 170)	(0, 16, 0, 2)
Greylooks	1.0	1.0	selection-options-over	selection-options-over.png	1	77x86	77x86	(0, 8, 77, 85)	(0, 8, 0, 1)	yes	current	selection-options-over@2x.png	154x172	77x86	(0, 16, 154, 170)	(0, 16, 0, 2)
Greylooks	1.0	1.0	selection-options-over	selection-options-over@2x.png	2	154x172	77x86	(0, 16, 154, 170)	(0, 16, 0, 2)	yes	current	selection-options-over@2x.png	154x172	77x86	(0, 16, 154, 170)	(0, 16, 0, 2)
Greylooks	1.0	1.0	menu-back	menu-back.png	1	174x90	174x90	(5, 12, 174, 89)	(5, 12, 0, 1)	yes	current	menu-back@2x.png	348x180	174x90	(10, 24, 348, 178)	(10, 24, 0, 2)
Greylooks	1.0	1.0	menu-back	menu-back@2x.png	2	348x180	174x90	(10, 24, 348, 178)	(10, 24, 0, 2)	yes	current	menu-back@2x.png	348x180	174x90	(10, 24, 348, 178)	(10, 24, 0, 2)
Greylooks	1.0	1.0	songselect-top	songselect-top.png	1	1366x149	1366x149	(0, 0, 1366, 149)	(0, 0, 0, 0)	yes	current	songselect-top@2x.png	2732x298	1366x149	(0, 0, 2732, 298)	(0, 0, 0, 0)
Greylooks	1.0	1.0	songselect-top	songselect-top@2x.png	2	2732x298	1366x149	(0, 0, 2732, 298)	(0, 0, 0, 0)	yes	current	songselect-top@2x.png	2732x298	1366x149	(0, 0, 2732, 298)	(0, 0, 0, 0)
Greylooks	1.0	1.0	songselect-bottom	songselect-bottom.png	1	1366x90	1366x90	(0, 0, 1366, 90)	(0, 0, 0, 0)	yes	current	songselect-bottom@2x.png	2732x180	1366x90	(0, 0, 2732, 180)	(0, 0, 0, 0)
Greylooks	1.0	1.0	songselect-bottom	songselect-bottom@2x.png	2	2732x180	1366x90	(0, 0, 2732, 180)	(0, 0, 0, 0)	yes	current	songselect-bottom@2x.png	2732x180	1366x90	(0, 0, 2732, 180)	(0, 0, 0, 0)
Default Template	2.7	2.7	selection-mode	selection-mode.png	1	88x90	88x90	(0, 0, 88, 90)	(0, 0, 0, 0)	yes	current	selection-mode@2x.png	176x180	88x90	(0, 0, 176, 180)	(0, 0, 0, 0)
Default Template	2.7	2.7	selection-mode	selection-mode@2x.png	2	176x180	88x90	(0, 0, 176, 180)	(0, 0, 0, 0)	yes	current	selection-mode@2x.png	176x180	88x90	(0, 0, 176, 180)	(0, 0, 0, 0)
Default Template	2.7	2.7	selection-mode-over	selection-mode-over.png	1	88x90	88x90	(0, 0, 88, 90)	(0, 0, 0, 0)	yes	current	selection-mode-over@2x.png	176x180	88x90	(0, 0, 176, 180)	(0, 0, 0, 0)
Default Template	2.7	2.7	selection-mode-over	selection-mode-over@2x.png	2	176x180	88x90	(0, 0, 176, 180)	(0, 0, 0, 0)	yes	current	selection-mode-over@2x.png	176x180	88x90	(0, 0, 176, 180)	(0, 0, 0, 0)
Default Template	2.7	2.7	selection-mods	selection-mods.png	1	74x90	74x90	(0, 0, 74, 90)	(0, 0, 0, 0)	yes	current	selection-mods@2x.png	148x180	74x90	(0, 0, 147, 180)	(0, 0, 1, 0)
Default Template	2.7	2.7	selection-mods	selection-mods@2x.png	2	148x180	74x90	(0, 0, 147, 180)	(0, 0, 1, 0)	yes	current	selection-mods@2x.png	148x180	74x90	(0, 0, 147, 180)	(0, 0, 1, 0)
Default Template	2.7	2.7	selection-mods-over	selection-mods-over.png	1	74x90	74x90	(0, 0, 74, 90)	(0, 0, 0, 0)	yes	current	selection-mods-over@2x.png	148x180	74x90	(0, 0, 147, 180)	(0, 0, 1, 0)
Default Template	2.7	2.7	selection-mods-over	selection-mods-over@2x.png	2	148x180	74x90	(0, 0, 147, 180)	(0, 0, 1, 0)	yes	current	selection-mods-over@2x.png	148x180	74x90	(0, 0, 147, 180)	(0, 0, 1, 0)
Default Template	2.7	2.7	selection-random	selection-random.png	1	74x90	74x90	(0, 0, 74, 90)	(0, 0, 0, 0)	yes	current	selection-random@2x.png	148x180	74x90	(0, 0, 147, 180)	(0, 0, 1, 0)
Default Template	2.7	2.7	selection-random	selection-random@2x.png	2	148x180	74x90	(0, 0, 147, 180)	(0, 0, 1, 0)	yes	current	selection-random@2x.png	148x180	74x90	(0, 0, 147, 180)	(0, 0, 1, 0)
Default Template	2.7	2.7	selection-random-over	selection-random-over.png	1	74x90	74x90	(0, 0, 74, 90)	(0, 0, 0, 0)	yes	current	selection-random-over@2x.png	148x180	74x90	(0, 0, 147, 180)	(0, 0, 1, 0)
Default Template	2.7	2.7	selection-random-over	selection-random-over@2x.png	2	148x180	74x90	(0, 0, 147, 180)	(0, 0, 1, 0)	yes	current	selection-random-over@2x.png	148x180	74x90	(0, 0, 147, 180)	(0, 0, 1, 0)
Default Template	2.7	2.7	selection-options	selection-options.png	1	77x90	77x90	(0, 0, 76, 90)	(0, 0, 1, 0)	yes	current	selection-options@2x.png	154x180	77x90	(0, 0, 153, 180)	(0, 0, 1, 0)
Default Template	2.7	2.7	selection-options	selection-options@2x.png	2	154x180	77x90	(0, 0, 153, 180)	(0, 0, 1, 0)	yes	current	selection-options@2x.png	154x180	77x90	(0, 0, 153, 180)	(0, 0, 1, 0)
Default Template	2.7	2.7	selection-options-over	selection-options-over.png	1	77x90	77x90	(0, 0, 76, 90)	(0, 0, 1, 0)	yes	current	selection-options-over@2x.png	154x180	77x90	(0, 0, 153, 180)	(0, 0, 1, 0)
Default Template	2.7	2.7	selection-options-over	selection-options-over@2x.png	2	154x180	77x90	(0, 0, 153, 180)	(0, 0, 1, 0)	yes	current	selection-options-over@2x.png	154x180	77x90	(0, 0, 153, 180)	(0, 0, 1, 0)
Default Template	2.7	2.7	menu-back	menu-back.png	1	125x125	125x125	(0, 0, 116, 125)	(0, 0, 9, 0)	yes	current	menu-back@2x.png	250x250	125x125	(0, 0, 231, 250)	(0, 0, 19, 0)
Default Template	2.7	2.7	menu-back	menu-back@2x.png	2	250x250	125x125	(0, 0, 231, 250)	(0, 0, 19, 0)	yes	current	menu-back@2x.png	250x250	125x125	(0, 0, 231, 250)	(0, 0, 19, 0)
Default Template	2.7	2.7	songselect-top	missing	1	-	-	-	-	unpaired	bundled	songselect-top@2x.png	2732x298	1366x149	(0, 0, 2732, 298)	(0, 0, 0, 0)
Default Template	2.7	2.7	songselect-top	missing	2	-	-	-	-	unpaired	bundled	songselect-top@2x.png	2732x298	1366x149	(0, 0, 2732, 298)	(0, 0, 0, 0)
Default Template	2.7	2.7	songselect-bottom	missing	1	-	-	-	-	unpaired	bundled	songselect-bottom@2x.png	2732x180	1366x90	(0, 0, 2732, 180)	(0, 0, 0, 0)
Default Template	2.7	2.7	songselect-bottom	missing	2	-	-	-	-	unpaired	bundled	songselect-bottom@2x.png	2732x180	1366x90	(0, 0, 2732, 180)	(0, 0, 0, 0)
