revision,run,sets,scenario,mean_us,p95_us,bytes_per_frame,gc_count,gc_ms
before,1,100,idle,17.071,18.013,13581.5,0,0
before,1,100,wheel,22.531,22.031,12325.3,0,0
before,1,100,fast-wheel,29.619,32.521,8886.7,0,0
before,1,100,selection,104.301,235.102,15521.5,0,0
before,1,100,carousel,2.251,1.883,32.0,0,0
before,1,100,layoutRows,6.500,2.855,2232.0,0,0
before,1,100,advanceRowColours,3.202,1.372,144.0,0,0
before,1,100,advanceRowStars,1.486,1.162,160.0,0,0
before,1,100,advanceRowForeground,0.974,0.861,144.0,0,0
before,1,100,prepareRowPresentations,3.508,4.027,7088.0,0,0
before,1,1000,idle,19.910,21.842,12672.8,0,0
before,1,1000,wheel,14.772,15.790,11488.9,0,0
before,1,1000,fast-wheel,47.815,34.765,13074.1,0,0
before,1,1000,selection,99.238,428.174,23927.6,0,0
before,1,1000,carousel,5.071,3.667,0.0,0,0
before,1,1000,layoutRows,5.022,3.226,2232.0,0,0
before,1,1000,advanceRowColours,0.390,0.390,80.0,0,0
before,1,1000,advanceRowStars,1.313,0.421,96.0,0,0
before,1,1000,advanceRowForeground,0.296,0.291,56.0,0,0
before,1,1000,prepareRowPresentations,6.521,4.579,7064.0,0,0
before,1,10000,idle,71.513,111.480,12206.3,0,0
before,1,10000,wheel,64.034,70.372,11080.9,0,0
before,1,10000,fast-wheel,72.267,88.456,12936.4,0,0
before,1,10000,selection,437.950,3986.997,121524.6,1,3
before,1,10000,carousel,34.832,45.786,0.0,0,0
before,1,10000,layoutRows,1.245,1.352,2256.0,0,0
before,1,10000,advanceRowColours,0.834,0.361,56.0,0,0
before,1,10000,advanceRowStars,0.309,0.301,72.0,0,0
before,1,10000,advanceRowForeground,0.275,0.290,56.0,0,0
before,1,10000,prepareRowPresentations,1.231,1.853,7064.0,0,0
before,2,100,idle,15.714,17.022,13124.2,0,0
before,2,100,wheel,41.454,28.343,11889.8,0,0
before,2,100,fast-wheel,27.980,29.816,8582.4,0,0
before,2,100,selection,28.398,167.865,14673.3,0,0
before,2,100,carousel,3.164,2.725,32.0,0,0
before,2,100,layoutRows,2.054,2.475,2232.0,0,0
before,2,100,advanceRowColours,0.771,0.851,80.0,0,0
before,2,100,advanceRowStars,0.514,0.732,96.0,0,0
before,2,100,advanceRowForeground,0.835,0.671,80.0,0,0
before,2,100,prepareRowPresentations,8.643,3.938,7088.0,0,0
before,2,1000,idle,19.209,16.561,12664.0,0,0
before,2,1000,wheel,17.216,19.456,11552.9,0,0
before,2,1000,fast-wheel,26.113,31.238,12832.5,0,0
before,2,1000,selection,63.038,445.377,23955.6,0,0
before,2,1000,carousel,4.570,4.198,0.0,0,0
before,2,1000,layoutRows,2.628,3.136,2232.0,0,0
before,2,1000,advanceRowColours,0.534,0.391,80.0,0,0
before,2,1000,advanceRowStars,0.409,0.350,96.0,0,0
before,2,1000,advanceRowForeground,0.347,0.371,80.0,0,0
before,2,1000,prepareRowPresentations,2.665,3.396,7112.0,0,0
before,2,10000,idle,63.653,68.318,12232.9,0,0
before,2,10000,wheel,62.470,66.144,11056.9,0,0
before,2,10000,fast-wheel,78.210,89.037,12912.4,0,0
before,2,10000,selection,458.384,3647.379,121500.6,1,2
before,2,10000,carousel,58.380,63.399,0.0,0,0
before,2,10000,layoutRows,1.089,1.192,2256.0,0,0
before,2,10000,advanceRowColours,0.330,0.331,80.0,0,0
before,2,10000,advanceRowStars,0.273,0.281,96.0,0,0
before,2,10000,advanceRowForeground,0.259,0.261,80.0,0,0
before,2,10000,prepareRowPresentations,1.106,1.593,7088.0,0,0
before,3,100,idle,58.449,24.917,13473.1,0,0
before,3,100,wheel,22.385,21.290,11857.7,0,0
before,3,100,fast-wheel,16.502,27.892,8694.4,0,0
before,3,100,selection,49.697,192.893,15169.5,0,0
before,3,100,carousel,2.483,2.464,32.0,0,0
before,3,100,layoutRows,2.112,2.465,2232.0,0,0
before,3,100,advanceRowColours,0.621,0.801,144.0,0,0
before,3,100,advanceRowStars,0.627,0.932,160.0,0,0
before,3,100,advanceRowForeground,0.505,0.661,144.0,0,0
before,3,100,prepareRowPresentations,3.479,4.318,7320.0,0,0
before,3,1000,idle,15.169,16.231,12792.0,0,0
before,3,1000,wheel,19.522,26.309,11680.9,0,0
before,3,1000,fast-wheel,51.004,115.216,12936.5,0,0
before,3,1000,selection,92.326,736.603,24008.9,0,0
before,3,1000,carousel,4.113,3.847,0.0,0,0
before,3,1000,layoutRows,2.634,3.136,2232.0,0,0
before,3,1000,advanceRowColours,0.416,0.411,80.0,0,0
before,3,1000,advanceRowStars,0.362,0.350,80.0,0,0
before,3,1000,advanceRowForeground,0.332,0.330,80.0,0,0
before,3,1000,prepareRowPresentations,2.521,3.456,7088.0,0,0
before,3,10000,idle,63.602,68.479,12474.3,0,0
before,3,10000,wheel,92.769,67.046,11099.3,0,0
before,3,10000,fast-wheel,67.807,79.599,12944.4,0,0
before,3,10000,selection,478.459,4234.101,121546.0,1,3
before,3,10000,carousel,42.619,77.907,0.0,0,0
before,3,10000,layoutRows,1.238,1.293,2256.0,0,0
before,3,10000,advanceRowColours,0.416,0.341,80.0,0,0
before,3,10000,advanceRowStars,0.416,0.281,80.0,0,0
before,3,10000,advanceRowForeground,0.266,0.271,80.0,0,0
before,3,10000,prepareRowPresentations,1.134,1.493,7112.0,0,0
after,1,100,idle,14.914,18.985,13581.1,0,0
after,1,100,wheel,17.459,21.180,12390.6,0,0
after,1,100,fast-wheel,17.109,30.647,9056.7,0,0
after,1,100,selection,40.104,182.964,15490.2,0,0
after,1,100,carousel,1.644,1.112,0.0,0,0
after,1,100,layoutRows,2.047,2.525,2232.0,0,0
after,1,100,advanceRowColours,0.634,0.701,144.0,0,0
after,1,100,advanceRowStars,0.602,1.112,160.0,0,0
after,1,100,advanceRowForeground,1.432,0.982,144.0,0,0
after,1,100,prepareRowPresentations,3.345,4.358,7320.0,0,0
after,1,1000,idle,20.513,19.577,12687.4,0,0
after,1,1000,wheel,20.894,23.654,11491.0,0,0
after,1,1000,fast-wheel,31.328,33.022,13132.8,0,0
after,1,1000,selection,102.773,512.453,23936.5,0,0
after,1,1000,carousel,9.629,4.328,0.0,0,0
after,1,1000,layoutRows,5.747,3.006,2232.0,0,0
after,1,1000,advanceRowColours,0.400,0.401,80.0,0,0
after,1,1000,advanceRowStars,0.334,0.331,96.0,0,0
after,1,1000,advanceRowForeground,0.327,0.331,80.0,0,0
after,1,1000,prepareRowPresentations,5.854,3.487,7088.0,0,0
after,1,10000,idle,91.328,145.343,12192.5,0,0
after,1,10000,wheel,63.971,77.806,11083.0,0,0
after,1,10000,fast-wheel,75.700,82.875,12989.4,0,0
after,1,10000,selection,566.109,5328.726,121519.8,2,3
after,1,10000,carousel,40.609,40.787,0.0,0,0
after,1,10000,layoutRows,2.230,1.794,2256.0,0,0
after,1,10000,advanceRowColours,0.400,0.371,80.0,0,0
after,1,10000,advanceRowStars,0.303,0.310,96.0,0,0
after,1,10000,advanceRowForeground,0.298,0.300,80.0,0,0
after,1,10000,prepareRowPresentations,1.750,2.746,7088.0,0,0
after,2,100,idle,27.760,17.303,13523.2,0,0
after,2,100,wheel,19.618,23.574,12358.6,0,0
after,2,100,fast-wheel,17.401,32.521,9040.2,0,0
after,2,100,selection,46.968,206.979,15615.8,0,0
after,2,100,carousel,1.118,1.042,0.1,0,0
after,2,100,layoutRows,2.648,3.186,2288.0,0,0
after,2,100,advanceRowColours,0.706,0.981,144.0,0,0
after,2,100,advanceRowStars,0.625,0.792,160.0,0,0
after,2,100,advanceRowForeground,0.505,0.671,144.0,0,0
after,2,100,prepareRowPresentations,4.637,5.340,7736.0,0,0
after,2,1000,idle,16.804,18.205,13252.7,0,0
after,2,1000,wheel,34.063,33.794,12039.8,0,0
after,2,1000,fast-wheel,31.220,44.874,12981.1,0,0
after,2,1000,selection,85.005,731.835,24015.8,0,0
after,2,1000,carousel,4.036,4.218,0.0,0,0
after,2,1000,layoutRows,3.661,3.346,2232.0,0,0
after,2,1000,advanceRowColours,0.404,0.391,80.0,0,0
after,2,1000,advanceRowStars,0.987,0.791,80.0,0,0
after,2,1000,advanceRowForeground,0.491,0.521,80.0,0,0
after,2,1000,prepareRowPresentations,3.785,4.819,7088.0,0,0
after,2,10000,idle,62.194,68.538,12451.8,0,0
after,2,10000,wheel,60.905,73.709,11082.5,0,0
after,2,10000,fast-wheel,73.616,92.284,12949.4,0,0
after,2,10000,selection,441.652,3898.280,121479.8,1,1
after,2,10000,carousel,37.595,40.626,0.0,0,0
after,2,10000,layoutRows,1.293,1.563,2256.0,0,0
after,2,10000,advanceRowColours,0.318,0.321,80.0,0,0
after,2,10000,advanceRowStars,0.264,0.271,80.0,0,0
after,2,10000,advanceRowForeground,0.251,0.260,80.0,0,0
after,2,10000,prepareRowPresentations,1.248,2.224,7112.0,0,0
after,3,100,idle,18.669,16.020,13499.3,0,0
after,3,100,wheel,22.288,21.791,12384.4,0,0
after,3,100,fast-wheel,14.457,30.898,8780.4,0,0
after,3,100,selection,42.561,203.973,15606.9,0,0
after,3,100,carousel,1.332,1.253,0.0,0,0
after,3,100,layoutRows,3.359,4.489,2288.0,0,0
after,3,100,advanceRowColours,0.924,1.473,144.0,0,0
after,3,100,advanceRowStars,0.918,1.172,160.0,0,0
after,3,100,advanceRowForeground,0.508,0.721,144.0,0,0
after,3,100,prepareRowPresentations,5.112,5.680,7736.0,0,0
after,3,1000,idle,19.719,18.725,12790.9,0,0
after,3,1000,wheel,22.782,27.442,11539.0,0,0
after,3,1000,fast-wheel,67.391,61.655,12979.2,0,0
after,3,1000,selection,101.943,433.875,23914.4,0,0
after,3,1000,carousel,4.147,3.898,0.0,0,0
after,3,1000,layoutRows,2.299,2.585,2232.0,0,0
after,3,1000,advanceRowColours,0.424,0.421,80.0,0,0
after,3,1000,advanceRowStars,0.322,0.320,80.0,0,0
after,3,1000,advanceRowForeground,0.339,0.321,80.0,0,0
after,3,1000,prepareRowPresentations,2.443,3.387,7088.0,0,0
after,3,10000,idle,92.994,117.070,12206.1,0,0
after,3,10000,wheel,57.713,68.279,11067.0,0,0
after,3,10000,fast-wheel,78.948,86.633,12973.4,0,0
after,3,10000,selection,442.466,4126.349,121507.8,1,1
after,3,10000,carousel,40.652,44.053,0.0,0,0
after,3,10000,layoutRows,1.312,1.643,2256.0,0,0
after,3,10000,advanceRowColours,0.394,0.401,80.0,0,0
after,3,10000,advanceRowStars,0.305,0.391,80.0,0,0
after,3,10000,advanceRowForeground,0.720,0.301,80.0,0,0
after,3,10000,prepareRowPresentations,1.577,2.385,7088.0,0,0
