revision,run,sets,scenario,mean_us,p95_us,bytes_per_frame,gc_count,gc_ms
after,1,100,advanceRowColours,0.422,0.458,80.0,0.0,0.0
after,1,100,advanceRowForeground,0.332,0.334,80.0,0.0,0.0
after,1,100,advanceRowStars,0.379,0.458,96.0,0.0,0.0
after,1,100,carousel,1.632,1.584,32.0,0.0,0.0
after,1,100,fast-wheel,8.317,21.0,8306.2,0.0,0.0
after,1,100,idle,13.793,16.792,13215.4,0.0,0.0
after,1,100,layoutRows,1.602,2.542,2184.0,0.0,0.0
after,1,100,prepareRowPresentations,1.634,2.584,7088.0,0.0,0.0
after,1,100,selection,40.649,393.792,20451.2,0.0,0.0
after,1,100,wheel,12.263,14.25,11342.1,1.0,1.0
after,1,1000,advanceRowColours,0.444,0.459,80.0,0.0,0.0
after,1,1000,advanceRowForeground,0.363,0.375,80.0,0.0,0.0
after,1,1000,advanceRowStars,0.4,0.417,96.0,0.0,0.0
after,1,1000,carousel,3.14,3.25,0.0,0.0,0.0
after,1,1000,fast-wheel,19.204,23.416,13059.6,0.0,0.0
after,1,1000,idle,12.571,13.416,12648.0,0.0,0.0
after,1,1000,layoutRows,1.575,1.667,2128.0,0.0,0.0
after,1,1000,prepareRowPresentations,1.166,2.291,7088.0,0.0,0.0
after,1,1000,selection,90.892,939.375,78828.0,1.0,2.0
after,1,1000,wheel,12.586,13.834,11468.9,0.0,0.0
after,1,10000,advanceRowColours,0.288,0.292,80.0,0.0,0.0
after,1,10000,advanceRowForeground,0.211,0.25,80.0,0.0,0.0
after,1,10000,advanceRowStars,0.229,0.25,96.0,0.0,0.0
after,1,10000,carousel,32.333,45.125,0.0,0.0,0.0
after,1,10000,fast-wheel,65.195,54.25,12717.4,2.0,19.0
after,1,10000,idle,45.892,49.167,12009.0,0.0,0.0
after,1,10000,layoutRows,0.796,0.834,2152.0,0.0,0.0
after,1,10000,prepareRowPresentations,0.829,0.875,7079.4,0.0,0.0
after,1,10000,selection,489.412,5238.042,673097.6,3.0,4.0
after,1,10000,wheel,45.177,48.75,10863.1,0.0,0.0
after,2,100,advanceRowColours,0.43,0.459,80.0,0.0,0.0
after,2,100,advanceRowForeground,0.32,0.334,80.0,0.0,0.0
after,2,100,advanceRowStars,0.409,0.417,96.0,0.0,0.0
after,2,100,carousel,1.072,1.084,0.0,0.0,0.0
after,2,100,fast-wheel,14.068,45.833,8306.1,0.0,0.0
after,2,100,idle,11.88,14.666,13261.2,0.0,0.0
after,2,100,layoutRows,1.756,2.791,2184.0,0.0,0.0
after,2,100,prepareRowPresentations,1.69,2.666,7088.0,0.0,0.0
after,2,100,selection,28.31,152.666,20403.9,0.0,0.0
after,2,100,wheel,16.972,19.542,11337.5,1.0,0.0
after,2,1000,advanceRowColours,0.332,0.334,80.0,0.0,0.0
after,2,1000,advanceRowForeground,0.268,0.292,80.0,0.0,0.0
after,2,1000,advanceRowStars,0.275,0.292,96.0,0.0,0.0
after,2,1000,carousel,3.296,3.334,0.0,0.0,0.0
after,2,1000,fast-wheel,18.808,23.084,12911.3,0.0,0.0
after,2,1000,idle,12.104,12.875,12648.0,0.0,0.0
after,2,1000,layoutRows,1.445,2.167,2128.0,0.0,0.0
after,2,1000,prepareRowPresentations,1.042,2.042,7088.0,0.0,0.0
after,2,1000,selection,85.448,832.709,78724.6,1.0,2.0
after,2,1000,wheel,13.007,14.791,11417.0,0.0,0.0
after,2,10000,advanceRowColours,0.29,0.292,80.0,0.0,0.0
after,2,10000,advanceRowForeground,0.223,0.25,61.5,0.0,0.0
after,2,10000,advanceRowStars,0.231,0.25,96.0,0.0,0.0
after,2,10000,carousel,34.948,40.625,0.0,0.0,0.0
after,2,10000,fast-wheel,63.265,53.0,12669.4,2.0,17.0
after,2,10000,idle,45.015,46.834,11936.3,0.0,0.0
after,2,10000,layoutRows,0.81,0.875,2152.0,0.0,0.0
after,2,10000,prepareRowPresentations,0.849,0.875,7064.0,0.0,0.0
after,2,10000,selection,496.311,5331.375,673047.1,3.0,4.0
after,2,10000,wheel,43.788,47.375,10815.1,0.0,0.0
after,3,100,advanceRowColours,0.422,0.458,80.0,0.0,0.0
after,3,100,advanceRowForeground,0.341,0.375,80.0,0.0,0.0
after,3,100,advanceRowStars,0.381,0.417,80.0,0.0,0.0
after,3,100,carousel,1.726,1.708,32.0,0.0,0.0
after,3,100,fast-wheel,8.694,22.208,8306.1,0.0,0.0
after,3,100,idle,11.5,14.125,13217.4,0.0,0.0
after,3,100,layoutRows,1.76,2.791,2184.0,0.0,0.0
after,3,100,prepareRowPresentations,1.688,2.666,7088.0,0.0,0.0
after,3,100,selection,48.344,436.125,20408.3,0.0,0.0
after,3,100,wheel,13.533,15.916,11342.1,1.0,1.0
after,3,1000,advanceRowColours,0.358,0.375,80.0,0.0,0.0
after,3,1000,advanceRowForeground,0.273,0.292,80.0,0.0,0.0
after,3,1000,advanceRowStars,0.282,0.292,96.0,0.0,0.0
after,3,1000,carousel,3.641,3.709,0.0,0.0,0.0
after,3,1000,fast-wheel,21.513,26.542,13140.4,0.0,0.0
after,3,1000,idle,13.505,15.041,12677.2,0.0,0.0
after,3,1000,layoutRows,1.452,1.5,2128.0,0.0,0.0
after,3,1000,prepareRowPresentations,0.954,1.0,7088.0,0.0,0.0
after,3,1000,selection,88.519,855.458,78740.0,1.0,2.0
after,3,1000,wheel,14.39,16.792,11527.1,0.0,0.0
after,3,10000,advanceRowColours,0.301,0.292,80.0,0.0,0.0
after,3,10000,advanceRowForeground,0.215,0.209,80.0,0.0,0.0
after,3,10000,advanceRowStars,0.241,0.25,96.0,0.0,0.0
after,3,10000,carousel,34.384,39.5,0.0,0.0,0.0
after,3,10000,fast-wheel,64.749,55.208,12669.4,2.0,18.0
after,3,10000,idle,46.078,47.75,11936.0,0.0,0.0
after,3,10000,layoutRows,0.784,0.834,2152.0,0.0,0.0
after,3,10000,prepareRowPresentations,0.868,0.916,7078.3,0.0,0.0
after,3,10000,selection,539.421,5877.584,673049.6,3.0,4.0
after,3,10000,wheel,43.744,47.584,10815.1,0.0,0.0
before,1,100,advanceRowColours,0.713,0.792,368.0,0.0,0.0
before,1,100,advanceRowForeground,0.589,0.667,408.0,0.0,0.0
before,1,100,advanceRowStars,0.632,0.667,368.0,0.0,0.0
before,1,100,carousel,0.579,0.584,0.0,0.0,0.0
before,1,100,fast-wheel,17.975,30.75,11205.5,0.0,0.0
before,1,100,idle,22.023,29.334,16680.0,0.0,0.0
before,1,100,layoutRows,1.506,2.542,2160.0,0.0,0.0
before,1,100,prepareRowPresentations,3.808,4.791,10040.0,0.0,0.0
before,1,100,selection,80.506,808.208,42906.0,0.0,0.0
before,1,100,wheel,22.409,29.25,15573.1,0.0,0.0
before,1,1000,advanceRowColours,3.84,3.959,368.0,0.0,0.0
before,1,1000,advanceRowForeground,3.844,3.958,408.0,0.0,0.0
before,1,1000,advanceRowStars,3.776,3.958,408.0,0.0,0.0
before,1,1000,carousel,3.393,3.541,0.0,0.0,0.0
before,1,1000,fast-wheel,57.559,75.834,16168.3,0.0,0.0
before,1,1000,idle,30.089,33.417,15947.4,0.0,0.0
before,1,1000,layoutRows,4.496,5.0,2160.0,0.0,0.0
before,1,1000,prepareRowPresentations,1.348,1.459,9400.0,0.0,0.0
before,1,1000,selection,219.05,2306.917,267170.4,1.0,2.0
before,1,1000,wheel,28.985,31.209,14666.3,0.0,0.0
before,1,10000,advanceRowColours,44.955,47.5,344.0,0.0,0.0
before,1,10000,advanceRowForeground,42.805,45.583,384.0,0.0,0.0
before,1,10000,advanceRowStars,44.423,48.208,384.0,0.0,0.0
before,1,10000,carousel,36.893,46.416,0.0,0.0,0.0
before,1,10000,fast-wheel,229.779,240.708,16039.1,0.0,0.0
before,1,10000,idle,222.266,233.5,15208.0,0.0,0.0
before,1,10000,layoutRows,32.04,33.209,2184.0,0.0,0.0
before,1,10000,prepareRowPresentations,1.192,1.25,9376.0,0.0,0.0
before,1,10000,selection,1658.958,17174.541,2515657.0,10.0,16.0
before,1,10000,wheel,223.837,229.375,14162.3,0.0,0.0
before,2,100,advanceRowColours,0.676,0.709,408.0,0.0,0.0
before,2,100,advanceRowForeground,0.555,0.625,408.0,0.0,0.0
before,2,100,advanceRowStars,0.587,0.625,408.0,0.0,0.0
before,2,100,carousel,1.027,1.083,0.0,0.0,0.0
before,2,100,fast-wheel,14.431,27.0,11117.4,0.0,0.0
before,2,100,idle,23.721,32.875,16680.3,0.0,0.0
before,2,100,layoutRows,1.32,2.416,2160.0,0.0,0.0
before,2,100,prepareRowPresentations,2.343,3.167,9400.0,0.0,0.0
before,2,100,selection,37.921,284.666,42582.7,0.0,0.0
before,2,100,wheel,21.236,23.916,15448.3,0.0,0.0
before,2,1000,advanceRowColours,4.175,4.292,384.1,0.0,0.0
before,2,1000,advanceRowForeground,3.888,3.917,384.0,0.0,0.0
before,2,1000,advanceRowStars,3.923,3.958,384.0,0.0,0.0
before,2,1000,carousel,3.444,3.5,0.0,0.0,0.0
before,2,1000,fast-wheel,34.244,37.0,15721.5,0.0,0.0
before,2,1000,idle,32.007,37.292,15658.6,0.0,0.0
before,2,1000,layoutRows,4.218,4.458,2160.0,0.0,0.0
before,2,1000,prepareRowPresentations,1.253,1.292,9376.0,0.0,0.0
before,2,1000,selection,159.982,1490.459,264418.5,1.0,1.0
before,2,1000,wheel,29.727,32.25,14466.3,0.0,0.0
before,2,10000,advanceRowColours,36.786,39.75,384.0,0.0,0.0
before,2,10000,advanceRowForeground,35.25,38.125,384.0,0.0,0.0
before,2,10000,advanceRowStars,34.919,35.459,384.0,0.0,0.0
before,2,10000,carousel,43.709,44.333,0.0,0.0,0.0
before,2,10000,fast-wheel,228.65,241.833,16079.1,0.0,0.0
before,2,10000,idle,218.712,233.875,15248.0,0.0,0.0
before,2,10000,layoutRows,36.253,45.292,2184.0,0.0,0.0
before,2,10000,prepareRowPresentations,1.238,1.292,9376.0,0.0,0.0
before,2,10000,selection,1633.98,16878.167,2515693.0,9.0,17.0
before,2,10000,wheel,223.474,241.625,14202.3,0.0,0.0
before,3,100,advanceRowColours,0.682,0.75,408.0,0.0,0.0
before,3,100,advanceRowForeground,0.564,0.625,408.0,0.0,0.0
before,3,100,advanceRowStars,0.602,0.667,408.0,0.0,0.0
before,3,100,carousel,1.033,1.042,0.0,0.0,0.0
before,3,100,fast-wheel,13.903,26.5,11095.0,0.0,0.0
before,3,100,idle,21.681,27.375,16610.6,0.0,0.0
before,3,100,layoutRows,1.302,2.417,2160.0,0.0,0.0
before,3,100,prepareRowPresentations,2.383,3.25,9400.0,0.0,0.0
before,3,100,selection,38.238,335.958,42547.5,0.0,0.0
before,3,100,wheel,20.972,25.125,15476.9,0.0,0.0
before,3,1000,advanceRowColours,4.068,4.125,384.7,0.0,0.0
before,3,1000,advanceRowForeground,3.73,3.791,384.0,0.0,0.0
before,3,1000,advanceRowStars,3.759,3.875,384.0,0.0,0.0
before,3,1000,carousel,3.432,3.583,0.0,0.0,0.0
before,3,1000,fast-wheel,32.805,37.625,15721.2,0.0,0.0
before,3,1000,idle,30.316,34.333,15649.2,0.0,0.0
before,3,1000,layoutRows,4.056,4.25,2160.0,0.0,0.0
before,3,1000,prepareRowPresentations,1.21,1.25,9376.0,0.0,0.0
before,3,1000,selection,160.468,1488.375,264475.4,1.0,1.0
before,3,1000,wheel,28.27,29.333,14440.1,0.0,0.0
before,3,10000,advanceRowColours,42.464,45.292,384.0,0.0,0.0
before,3,10000,advanceRowForeground,41.676,42.333,384.0,0.0,0.0
before,3,10000,advanceRowStars,42.178,42.375,384.0,0.0,0.0
before,3,10000,carousel,39.5,40.792,0.0,0.0,0.0
before,3,10000,fast-wheel,222.394,237.083,16079.1,0.0,0.0
before,3,10000,idle,222.918,237.417,15248.0,0.0,0.0
before,3,10000,layoutRows,32.946,36.041,2184.0,0.0,0.0
before,3,10000,prepareRowPresentations,1.215,1.292,9376.0,0.0,0.0
before,3,10000,selection,1675.355,16981.042,2515697.0,9.0,16.0
before,3,10000,wheel,219.177,232.375,14202.3,0.0,0.0
