revision,metadata,run,stage,mean_ms_or_bytes,p95_ms,max_ms
before,short,1,activation,2.861,3.996,4.111
before,short,1,first-frame,1.774,2.758,2.858
before,short,1,selection-frame,4.635,6.529,6.546
before,short,1,animation,0.465,0.777,1.767
before,short,1,allocated-bytes,2131556,,
before,short,2,activation,3.594,4.937,5.124
before,short,2,animation,0.551,0.906,1.827
before,short,2,selection-frame,5.718,7.192,7.741
before,short,2,first-frame,2.124,3.216,3.265
before,short,2,allocated-bytes,2131529,,
before,short,3,activation,3.020,4.168,4.981
before,short,3,animation,0.505,0.807,1.313
before,short,3,selection-frame,4.925,6.050,6.991
before,short,3,first-frame,1.905,2.223,2.566
before,short,3,allocated-bytes,2131500,,
before,long-unicode,1,first-frame,2.676,3.320,3.473
before,long-unicode,1,activation,2.345,3.421,3.606
before,long-unicode,1,animation,1.714,3.087,6.917
before,long-unicode,1,selection-frame,5.021,6.733,7.079
before,long-unicode,1,allocated-bytes,10860364,,
before,long-unicode,2,first-frame,3.050,4.186,5.940
before,long-unicode,2,selection-frame,5.924,11.941,13.347
before,long-unicode,2,animation,1.894,3.604,6.235
before,long-unicode,2,activation,2.874,8.022,9.250
before,long-unicode,2,allocated-bytes,10877551,,
before,long-unicode,3,first-frame,2.485,3.330,4.543
before,long-unicode,3,selection-frame,4.541,5.872,6.391
before,long-unicode,3,animation,1.579,2.944,5.782
before,long-unicode,3,activation,2.055,2.542,2.596
before,long-unicode,3,allocated-bytes,10860966,,
after,short,1,selection-frame,2.627,3.861,6.730
after,short,1,animation,0.365,0.587,0.808
after,short,1,activation,1.814,2.644,5.656
after,short,1,first-frame,0.813,1.092,1.340
after,short,1,allocated-bytes,1177443,,
after,short,2,activation,2.820,4.425,9.081
after,short,2,first-frame,1.711,2.539,2.893
after,short,2,selection-frame,4.531,6.943,10.844
after,short,2,animation,0.708,1.219,6.219
after,short,2,allocated-bytes,1181187,,
after,short,3,selection-frame,2.288,2.595,2.632
after,short,3,animation,0.368,0.592,4.699
after,short,3,activation,1.484,1.724,1.757
after,short,3,first-frame,0.804,0.992,1.240
after,short,3,allocated-bytes,1196264,,
after,long-unicode,1,selection-frame,2.229,2.711,2.764
after,long-unicode,1,animation,0.593,0.983,5.710
after,long-unicode,1,activation,1.369,1.812,1.926
after,long-unicode,1,first-frame,0.860,1.065,1.414
after,long-unicode,1,allocated-bytes,6033005,,
after,long-unicode,2,selection-frame,2.981,3.868,5.357
after,long-unicode,2,animation,0.718,1.219,5.780
after,long-unicode,2,activation,1.939,2.891,3.968
after,long-unicode,2,first-frame,1.042,1.389,1.481
after,long-unicode,2,allocated-bytes,6035428,,
after,long-unicode,3,selection-frame,2.319,2.873,5.172
after,long-unicode,3,animation,0.602,1.041,4.898
after,long-unicode,3,activation,1.319,1.705,1.766
after,long-unicode,3,first-frame,1.000,1.470,4.118
after,long-unicode,3,allocated-bytes,6031110,,
