asset	classification	consumer	bundled_physical_and_logical	resolution
menu-button-background	1 使用中	carousel / local ranking background	menu-button-background.png:700x117:logical=700x117; menu-button-background@2x.png:1400x234:logical=700x117	current -> configured fallback -> bundled; @2x first per provider
star	1 使用中	carousel supplied-rating stars	star.png:45x45:logical=45x45; star@2x.png:90x90:logical=45x45	current -> configured fallback -> bundled; @2x first per provider
ranking-X-small	1 使用中	carousel best-score grade / local rankings	ranking-X-small.png:40x50:logical=40x50; ranking-X-small@2x.png:80x99:logical=40x49	current -> configured fallback -> bundled; @2x first per provider
ranking-S-small	1 使用中	carousel best-score grade / local rankings	ranking-S-small.png:36x45:logical=36x45; ranking-S-small@2x.png:71x90:logical=35x45	current -> configured fallback -> bundled; @2x first per provider
ranking-A-small	1 使用中	carousel best-score grade / local rankings	ranking-A-small.png:41x44:logical=41x44; ranking-A-small@2x.png:82x88:logical=41x44	current -> configured fallback -> bundled; @2x first per provider
ranking-B-small	1 使用中	carousel best-score grade / local rankings	ranking-B-small.png:39x44:logical=39x44; ranking-B-small@2x.png:78x88:logical=39x44	current -> configured fallback -> bundled; @2x first per provider
ranking-C-small	1 使用中	carousel best-score grade / local rankings	ranking-C-small.png:38x45:logical=38x45; ranking-C-small@2x.png:76x90:logical=38x45	current -> configured fallback -> bundled; @2x first per provider
ranking-D-small	1 使用中	carousel best-score grade / local rankings	ranking-D-small.png:41x48:logical=41x48; ranking-D-small@2x.png:82x96:logical=41x48	current -> configured fallback -> bundled; @2x first per provider
songselect-top	1 使用中	chrome / back action	songselect-top.png:1366x149:logical=1366x149; songselect-top@2x.png:2732x298:logical=1366x149	current -> configured fallback -> bundled; @2x first per provider
songselect-bottom	1 使用中	chrome / back action	songselect-bottom.png:1366x90:logical=1366x90; songselect-bottom@2x.png:2732x180:logical=1366x90	current -> configured fallback -> bundled; @2x first per provider
menu-back	1 使用中	chrome / back action	menu-back.png:174x90:logical=174x90; menu-back@2x.png:348x180:logical=174x90	first frame current -> configured fallback -> bundled; remaining frames same provider; @2x first
selection-mode	1 使用中	bottom action normal / hover	selection-mode.png:92x85:logical=92x85; selection-mode@2x.png:184x170:logical=92x85	current -> configured fallback -> bundled; @2x first per provider
selection-mode-over	1 使用中	small: bottom / carousel; med: mode selector; large: beat pulse / selector	selection-mode-over.png:92x85:logical=92x85; selection-mode-over@2x.png:184x170:logical=92x85	current -> configured fallback -> bundled; @2x first per provider
selection-mods	1 使用中	bottom action normal / hover	selection-mods.png:77x86:logical=77x86; selection-mods@2x.png:154x172:logical=77x86	current -> configured fallback -> bundled; @2x first per provider
selection-mods-over	1 使用中	bottom action normal / hover	selection-mods-over.png:77x86:logical=77x86; selection-mods-over@2x.png:154x172:logical=77x86	current -> configured fallback -> bundled; @2x first per provider
selection-random	1 使用中	bottom action normal / hover	selection-random.png:77x86:logical=77x86; selection-random@2x.png:154x172:logical=77x86	current -> configured fallback -> bundled; @2x first per provider
selection-random-over	1 使用中	bottom action normal / hover	selection-random-over.png:77x86:logical=77x86; selection-random-over@2x.png:154x172:logical=77x86	current -> configured fallback -> bundled; @2x first per provider
selection-options	1 使用中	bottom action normal / hover	selection-options.png:77x86:logical=77x86; selection-options@2x.png:154x172:logical=77x86	current -> configured fallback -> bundled; @2x first per provider
selection-options-over	1 使用中	bottom action normal / hover	selection-options-over.png:77x86:logical=77x86; selection-options-over@2x.png:154x172:logical=77x86	current -> configured fallback -> bundled; @2x first per provider
cursor	1 使用中	SongSelectCursor (middle requires matching cursor provider)	cursor.png:72x72:logical=72x72; cursor@2x.png:144x144:logical=72x72	current -> configured fallback -> bundled; @2x first per provider
cursortrail	1 使用中	SongSelectCursor (middle requires matching cursor provider)	cursortrail.png:72x72:logical=72x72; cursortrail@2x.png:144x144:logical=72x72	current -> configured fallback -> bundled; @2x first per provider
cursormiddle	1 使用中	SongSelectCursor (middle requires matching cursor provider)	none	resolved cursor provider only; @2x first within provider
selection-tab	1 使用中	SongBrowserControls	selection-tab.png:130x24:logical=130x24; selection-tab@2x.png:260x48:logical=130x24	current -> configured fallback -> bundled; @2x first per provider
star2	1 使用中	SongSelectDecorations	star2.png:1x1:logical=1x1	current -> configured fallback -> bundled; @2x first per provider
mode-osu	4 fallbackのみ（bundled時。customは使用中）	small: bottom / carousel; med: mode selector; large: beat pulse / selector	mode-osu.png:1x1:logical=1x1	current -> configured fallback -> bundled; @2x first per provider
mode-taiko	4 fallbackのみ（bundled時。customは使用中）	small: bottom / carousel; med: mode selector; large: beat pulse / selector	mode-taiko.png:1x1:logical=1x1	current -> configured fallback -> bundled; @2x first per provider
mode-fruits	4 fallbackのみ（bundled時。customは使用中）	small: bottom / carousel; med: mode selector; large: beat pulse / selector	mode-fruits.png:1x1:logical=1x1	current -> configured fallback -> bundled; @2x first per provider
mode-mania	4 fallbackのみ（bundled時。customは使用中）	small: bottom / carousel; med: mode selector; large: beat pulse / selector	none	current -> configured fallback -> bundled; @2x first per provider
mode-osu-small	4 fallbackのみ（bundled時。customは使用中）	small: bottom / carousel; med: mode selector; large: beat pulse / selector	mode-osu-small.png:1x1:logical=1x1	current -> configured fallback -> bundled; @2x first per provider
mode-taiko-small	4 fallbackのみ（bundled時。customは使用中）	small: bottom / carousel; med: mode selector; large: beat pulse / selector	mode-taiko-small.png:1x1:logical=1x1	current -> configured fallback -> bundled; @2x first per provider
mode-fruits-small	4 fallbackのみ（bundled時。customは使用中）	small: bottom / carousel; med: mode selector; large: beat pulse / selector	mode-fruits-small.png:1x1:logical=1x1	current -> configured fallback -> bundled; @2x first per provider
mode-mania-small	4 fallbackのみ（bundled時。customは使用中）	small: bottom / carousel; med: mode selector; large: beat pulse / selector	none	current -> configured fallback -> bundled; @2x first per provider
mode-osu-med	4 fallbackのみ（bundled時。customは使用中）	small: bottom / carousel; med: mode selector; large: beat pulse / selector	none	current -> configured fallback -> bundled; @2x first per provider
mode-taiko-med	4 fallbackのみ（bundled時。customは使用中）	small: bottom / carousel; med: mode selector; large: beat pulse / selector	none	current -> configured fallback -> bundled; @2x first per provider
mode-fruits-med	4 fallbackのみ（bundled時。customは使用中）	small: bottom / carousel; med: mode selector; large: beat pulse / selector	none	current -> configured fallback -> bundled; @2x first per provider
mode-mania-med	4 fallbackのみ（bundled時。customは使用中）	small: bottom / carousel; med: mode selector; large: beat pulse / selector	none	current -> configured fallback -> bundled; @2x first per provider
selection-mod-nofail	1 使用中	Mods selector (capability unavailable / debug-only Auto)	selection-mod-nofail.png:103x66:logical=103x66; selection-mod-nofail@2x.png:206x132:logical=103x66	current -> configured fallback -> bundled; @2x first per provider
selection-mod-easy	1 使用中	Mods selector (capability unavailable / debug-only Auto)	selection-mod-easy.png:103x66:logical=103x66; selection-mod-easy@2x.png:206x132:logical=103x66	current -> configured fallback -> bundled; @2x first per provider
selection-mod-halftime	1 使用中	Mods selector (capability unavailable / debug-only Auto)	selection-mod-halftime.png:103x66:logical=103x66; selection-mod-halftime@2x.png:206x132:logical=103x66	current -> configured fallback -> bundled; @2x first per provider
selection-mod-hidden	1 使用中	Mods selector (capability unavailable / debug-only Auto)	selection-mod-hidden.png:103x66:logical=103x66; selection-mod-hidden@2x.png:206x132:logical=103x66	current -> configured fallback -> bundled; @2x first per provider
selection-mod-hardrock	1 使用中	Mods selector (capability unavailable / debug-only Auto)	selection-mod-hardrock.png:103x66:logical=103x66; selection-mod-hardrock@2x.png:206x132:logical=103x66	current -> configured fallback -> bundled; @2x first per provider
selection-mod-suddendeath	1 使用中	Mods selector (capability unavailable / debug-only Auto)	selection-mod-suddendeath.png:103x66:logical=103x66; selection-mod-suddendeath@2x.png:206x132:logical=103x66	current -> configured fallback -> bundled; @2x first per provider
selection-mod-doubletime	1 使用中	Mods selector (capability unavailable / debug-only Auto)	selection-mod-doubletime.png:103x66:logical=103x66; selection-mod-doubletime@2x.png:206x132:logical=103x66	current -> configured fallback -> bundled; @2x first per provider
selection-mod-flashlight	1 使用中	Mods selector (capability unavailable / debug-only Auto)	selection-mod-flashlight.png:103x66:logical=103x66; selection-mod-flashlight@2x.png:206x132:logical=103x66	current -> configured fallback -> bundled; @2x first per provider
selection-mod-relax	1 使用中	Mods selector (capability unavailable / debug-only Auto)	selection-mod-relax.png:103x66:logical=103x66; selection-mod-relax@2x.png:206x132:logical=103x66	current -> configured fallback -> bundled; @2x first per provider
selection-mod-relax2	1 使用中	Mods selector (capability unavailable / debug-only Auto)	selection-mod-relax2.png:103x66:logical=103x66; selection-mod-relax2@2x.png:206x132:logical=103x66	current -> configured fallback -> bundled; @2x first per provider
selection-mod-spunout	1 使用中	Mods selector (capability unavailable / debug-only Auto)	selection-mod-spunout.png:103x66:logical=103x66; selection-mod-spunout@2x.png:206x132:logical=103x66	current -> configured fallback -> bundled; @2x first per provider
selection-mod-autoplay	1 使用中	Mods selector (capability unavailable / debug-only Auto)	selection-mod-autoplay.png:103x66:logical=103x66; selection-mod-autoplay@2x.png:206x132:logical=103x66	current -> configured fallback -> bundled; @2x first per provider
selection-mod-scorev2	1 使用中	Mods selector (capability unavailable / debug-only Auto)	selection-mod-scorev2.png:103x66:logical=103x66; selection-mod-scorev2@2x.png:206x132:logical=103x66	current -> configured fallback -> bundled; @2x first per provider
