revision,scenario,window,unique_contents,frames,mean_us,p95_us,p99_us,max_us,bytes_mean,classification_rebuilds,queue_max_sampled,completion_max_sampled,generation_delta,selection_events,import_events,max_selection_frame_ms,max_import_frame_ms
before-model-ef3172a,title,cold-completion,10000,159,1144.291,2949.199,4199.918,4244.011,79426.3,0,32,64,0,0,0,0.000,0.000
before-model-ef3172a,title,settled,10000,300,415.490,1546.104,3001.899,3191.224,14515.7,0,0,0,0,0,0,0.000,0.000
before-model-ef3172a,difficulty-sort,cold-completion,10000,157,4119.085,41262.743,59434.034,71415.288,1296480.8,12,32,64,0,0,0,0.000,0.000
before-model-ef3172a,difficulty-sort,settled,10000,300,218.542,379.653,466.255,7416.691,18627.7,0,0,0,0,0,0,0.000,0.000
before-model-ef3172a,difficulty-group,cold-completion,10000,157,3767.296,37952.325,54995.498,101861.505,2417338.3,12,32,64,0,0,0,0.000,0.000
before-model-ef3172a,difficulty-group,settled,10000,300,64.054,119.735,152.657,171.642,18974.0,0,0,0,0,0,0,0.000,0.000
before-model-ef3172a,stars-search,cold-completion,10000,157,2685.079,30548.660,36612.389,44904.544,1225428.0,12,32,64,0,0,0,0.000,0.000
before-model-ef3172a,stars-search,settled,10000,300,82.124,171.802,252.083,395.793,11431.6,0,0,0,0,0,0,0.000,0.000
before-model-ef3172a,rapid-selection-import,cold-completion,10000,157,2032.913,3715.378,91419.373,106368.191,900312.7,0,32,64,2,27,2,10.525,106.368
before-model-ef3172a,rapid-selection-import,settled,10000,300,386.962,1611.858,1819.418,2203.308,79507.9,0,0,0,2,50,0,2.203,0.000
after-model-03a3a24,title,cold-completion,10000,158,1060.885,2919.944,5298.322,6407.014,80238.6,0,32,64,0,0,0,0.000,0.000
after-model-03a3a24,title,settled,10000,300,232.138,368.862,894.360,1319.127,14426.3,0,0,0,0,0,0,0.000,0.000
after-model-03a3a24,difficulty-sort,cold-completion,10000,157,2751.025,26282.016,33759.240,44248.202,680682.3,12,32,64,0,0,0,0.000,0.000
after-model-03a3a24,difficulty-sort,settled,10000,300,354.914,562.487,1267.842,3215.540,19258.4,0,0,0,0,0,0,0.000,0.000
after-model-03a3a24,difficulty-group,cold-completion,10000,157,2634.698,25595.637,45839.772,47376.758,810695.9,12,32,64,0,0,0,0.000,0.000
after-model-03a3a24,difficulty-group,settled,10000,300,82.555,171.833,242.656,284.955,18910.6,0,0,0,0,0,0,0.000,0.000
after-model-03a3a24,stars-search,cold-completion,10000,157,2058.471,21534.880,30150.873,30483.708,609413.5,12,32,64,0,0,0,0.000,0.000
after-model-03a3a24,stars-search,settled,10000,300,151.772,200.477,308.549,8609.211,11999.1,0,0,0,0,0,0,0.000,0.000
after-model-03a3a24,rapid-selection-import,cold-completion,10000,157,1716.452,2418.322,72948.781,76783.424,644409.0,0,32,64,2,27,2,13.929,76.783
after-model-03a3a24,rapid-selection-import,settled,10000,300,437.934,1641.243,2226.111,4491.517,80202.3,0,0,0,2,50,0,4.492,0.000
